ID,Ocupadas,ÁREA DE ADSCRIPCIÓN,UNIDAD DE ADSCRIPCIÓN,SEXO,ESCOLARIDAD,CARRERA COMERCIAL/ SEC EJECUTIVA
1,1,DIRECCIÓN GENERAL DE TECNOLOGÍAS DE LA INFORMACIÓN,OFICIALÍA MAYOR,H,LICENCIATURA,CIENCIAS DE LA COMPUTACIÓN
2,1,DIRECCIÓN GENERAL DE LICITACIONES,UNIDAD JURÍDICA,M,LICENCIATURA,DERECHO
3,1,ÓRGANO DE GOBIERNO,ÓRGANO DE GOBIERNO,H,LICENCIATURA,DERECHO
4,1,DIRECCIÓN GENERAL DE EVALUACIÓN DEL POTENCIAL PETROLERO,UNIDAD TÉCNICA DE EXPLORACIÓN,M,INGENIERO,INGENIERÍA GEOLÓGA
5,1,DIRECCIÓN GENERAL DE ESTADÍSTICA Y EVALUACIÓN ECONÓMICA,CENTRO NACIONAL DE INFORMACIÓN DE HIDROCARBUROS,M,LICENCIATURA,ADMINISTRACIÓN
6,1,SECRETARÍA EJECUTIVA,SECRETARÍA EJECUTIVA,H,LICENCIATURA,INGENIERÍA EN SISTEMAS COMPUTACIONALES
7,1,DIRECCIÓN GENERAL DE DICTÁMENES DE EXTRACCIÓN,UNIDAD TÉCNICA DE EXTRACCIÓN,H,LICENCIATURA,INGENIERO PETROLERO
8,1,DIRECCIÓN GENERAL DE RESERVAS Y RECUPERACIÓN AVANZADA,UNIDAD TÉCNICA DE EXTRACCIÓN,H,LICENCIATURA,INGENIERÍA GEOFÍSICA
9,1,ÓRGANO DE GOBIERNO,ÓRGANO DE GOBIERNO,H,LICENCIATURA,CIENCIAS DE LA EDUCACIÓN
10,1,PRESIDENCIA,PRESIDENCIA,H,LICENCIATURA,COMUNICACIÓN SOCIAL 
11,1,DIRECCIÓN GENERAL DE MEDICIÓN,UNIDAD TÉCNICA DE EXTRACCIÓN,M,LICENCIATURA,ADMINISTRACIÓN 
12,1,DIRECCIÓN GENERAL DE ESTADÍSTICA Y EVALUACIÓN ECONÓMICA,CENTRO NACIONAL DE INFORMACIÓN DE HIDROCARBUROS,M,LICENCIATURA,DERECHO
13,1,DIRECCIÓN GENERAL DE AUTORIZACIONES DE EXPLORACIÓN,UNIDAD TÉCNICA DE EXPLORACIÓN,H,LICENCIATURA,INGENIERO PETROLERO
14,1,DIRECCIÓN GENERAL DE LICITACIONES,UNIDAD JURÍDICA,M,LICENCIATURA,DERECHO
15,1,ÓRGANO DE GOBIERNO,ÓRGANO DE GOBIERNO,H,LICENCIATURA,INGENIERÍA PETROLERA
16,1,PRESIDENCIA,PRESIDENCIA,M,LICENCIATURA,ECONOMÍA
17,1,ÓRGANO DE GOBIERNO,ÓRGANO DE GOBIERNO,M,LICENCIATURA,INGENIERÍA PETROLERA
18,1,DIRECCIÓN GENERAL DE DICTÁMENES DE EXPLORACIÓN,UNIDAD TÉCNICA DE EXPLORACIÓN,M,MAESTRÍA,INGENIERIA 
19,1,DIRECCIÓN GENERAL DE CONTRATOS,UNIDAD JURÍDICA,M,LICENCIATURA,DERECHO
20,1,"DIRECCIÓN GENERAL DE FINANZAS, ADQUISICIONES Y SERVICIOS",OFICIALÍA MAYOR,M,LICENCIATURA,MERCADOTECNIA  
21,1,UNIDAD DE ADMINISTRACIÓN TÉCNICA DE ASIGNACIONES Y CONTRATOS,UNIDAD DE ADMINISTRACIÓN TÉCNICA DE ASIGNACIONES Y CONTRATOS,H,MAESTRÍA,ADMINISTRACIÓN
22,1,DIRECCIÓN GENERAL DE LICITACIONES,UNIDAD JURÍDICA,H,LICENCIATURA,DERECHO
23,1,ÓRGANO DE GOBIERNO,ÓRGANO DE GOBIERNO,M,LICENCIATURA,INGENIERÍA PETROLERA
24,1,ÓRGANO DE GOBIERNO,ÓRGANO DE GOBIERNO,H,SECUNDARIA,
25,1,ÓRGANO INTERNO DE CONTROL,ÓRGANO INTERNO DE CONTROL,M,LICENCIATURA,DERECHO
26,1,DIRECCIÓN GENERAL DE RELACIONES INSTITUCIONALES,PRESIDENCIA,M,LICENCIATURA,CIRUJANO DENTISTA
27,1,"DIRECCIÓN GENERAL DE FINANZAS, ADQUISICIONES Y SERVICIOS",OFICIALÍA MAYOR,M,LICENCIATURA,CONTADURÍA
28,1,DIRECCIÓN GENERAL DE RECURSOS HUMANOS,OFICIALÍA MAYOR,M,LICENCIATURA,CONTADURÍA
29,1,DIRECCIÓN GENERAL DE ADMINISTRACIÓN DEL CENTRO NACIONAL DE INFORMACIÓN DE HIDROCARBUROS,CENTRO NACIONAL DE INFORMACIÓN DE HIDROCARBUROS,M,LICENCIATURA,INGENIERO GEOLOGO
30,1,DIRECCIÓN GENERAL DE RESERVAS Y RECUPERACIÓN AVANZADA,UNIDAD TÉCNICA DE EXTRACCIÓN,M,LICENCIATURA,CONTADURÍA
31,1,DIRECCIÓN GENERAL DE DICTÁMENES DE EXTRACCIÓN,UNIDAD TÉCNICA DE EXTRACCIÓN,M,LICENCIATURA,INGENIERÍA PETROLERA
32,1,DIRECCIÓN GENERAL DE CONTRATOS,UNIDAD JURÍDICA,M,MAESTRÍA,DERECHO
33,1,DIRECCIÓN GENERAL DE TECNOLOGÍAS DE LA INFORMACIÓN,OFICIALÍA MAYOR,H,LICENCIATURA,INFORMÁTICA
34,1,DIRECCIÓN GENERAL DE PLANEACIÓN,OFICIALÍA MAYOR,H,DOCTORADO,ADMINISTRACIÓN PÚBLICA
35,1,ÓRGANO DE GOBIERNO,ÓRGANO DE GOBIERNO,M,LICENCIATURA,CONTADOR PÚBLICO
36,1,DIRECCIÓN GENERAL DE REGULACIÓN Y CONSULTA,UNIDAD JURÍDICA,M,LICENCIATURA,DERECHO
37,1,DIRECCIÓN GENERAL DE RECURSOS HUMANOS,OFICIALÍA MAYOR,H,LICENCIATURA,ADMINISTRACIÓN DE EMPRESAS
38,1,PRESIDENCIA,PRESIDENCIA,H,MAESTRÍA,CIENCIAS CON ESPECIALIDAD EN PROBABILIDAD Y ESTADÍSTICA
39,1,ÓRGANO DE GOBIERNO,ÓRGANO DE GOBIERNO,M,LICENCIATURA,DERECHO
40,1,DIRECCIÓN GENERAL DE MEDICIÓN,UNIDAD TÉCNICA DE EXTRACCIÓN,M,LICENCIATURA,CIENCIAS DE LA INFORMÁTICA
41,1,DIRECCIÓN GENERAL DE MEDICIÓN,UNIDAD TÉCNICA DE EXTRACCIÓN,H,LICENCIATURA,INGENIERÍA PETROLERA
42,1,DIRECCIÓN GENERAL DE DICTÁMENES DE EXTRACCIÓN,UNIDAD TÉCNICA DE EXTRACCIÓN,M,LICENCIATURA,INGENIERO GEOFÍSICO
43,1,DIRECCIÓN GENERAL DE AUTORIZACIONES DE EXPLORACIÓN,UNIDAD TÉCNICA DE EXPLORACIÓN,H,LICENCIATURA,ADMINISTRACIÓN
44,1,DIRECCIÓN GENERAL DE RECURSOS HUMANOS,OFICIALÍA MAYOR,M,LICENCIATURA,INGENIERO GEOFÍSICO
45,1,DIRECCIÓN GENERAL DE DICTÁMENES DE EXPLORACIÓN,UNIDAD TÉCNICA DE EXPLORACIÓN,H,LICENCIATURA,DERECHO
46,1,SECRETARÍA EJECUTIVA,SECRETARÍA EJECUTIVA,H,LICENCIATURA,INGENIERO GEÓLOGO
47,1,DIRECCIÓN GENERAL DE EVALUACIÓN DEL POTENCIAL PETROLERO,UNIDAD TÉCNICA DE EXPLORACIÓN,M,LICENCIATURA,INFORMÁTICA ADMINISTRATIVA
48,1,DIRECCIÓN GENERAL DE MEDICIÓN,UNIDAD TÉCNICA DE EXTRACCIÓN,H,LICENCIATURA,CIENCIAS DE LA COMUNICACIÓN
49,1,ÓRGANO INTERNO DE CONTROL,ÓRGANO INTERNO DE CONTROL,H,MAESTRÍA,DERECHO
50,1,DIRECCIÓN GENERAL DE ESTADÍSTICA Y EVALUACIÓN ECONÓMICA,CENTRO NACIONAL DE INFORMACIÓN DE HIDROCARBUROS,M,MAESTRÍA,CIENCIAS
51,1,DIRECCIÓN GENERAL DE REGULACIÓN Y CONSULTA,UNIDAD JURÍDICA,H,LICENCIATURA,DERECHO
52,1,DIRECCIÓN GENERAL DE ASIGNACIONES Y CONTRATOS DE EXTRACCIÓN,UNIDAD DE ADMINISTRACIÓN TÉCNICA DE ASIGNACIONES Y CONTRATOS,M,LICENCIATURA,CIENCIAS POLÍTICAS Y ADMINISTRACIÓN PÚBLICA
53,1,DIRECCIÓN GENERAL DE ASIGNACIONES Y CONTRATOS DE EXTRACCIÓN,UNIDAD DE ADMINISTRACIÓN TÉCNICA DE ASIGNACIONES Y CONTRATOS,H,LICENCIATURA,INGENIERÍA INDUSTRIAL MECÁNICA
54,1,"DIRECCIÓN GENERAL DE FINANZAS, ADQUISICIONES Y SERVICIOS",OFICIALÍA MAYOR,H,LICENCIATURA,INGENIERÍA GEOLÓGICA
55,1,DIRECCIÓN GENERAL DE MEDICIÓN,UNIDAD TÉCNICA DE EXTRACCIÓN,H,LICENCIATURA,INGENIERO PETROLERO
56,1,DIRECCIÓN GENERAL DE MEDICIÓN,UNIDAD TÉCNICA DE EXTRACCIÓN,H,LICENCIATURA,INGENIERO INDUSTRIAL QUIMICO
57,1,DIRECCIÓN GENERAL DE EVALUACIÓN DEL POTENCIAL PETROLERO,UNIDAD TÉCNICA DE EXPLORACIÓN,H,LICENCIATURA,INGENIERO GEOLOGO
58,1,DIRECCIÓN GENERAL DE ADMINISTRACIÓN DEL CENTRO NACIONAL DE INFORMACIÓN DE HIDROCARBUROS,CENTRO NACIONAL DE INFORMACIÓN DE HIDROCARBUROS,M,LICENCIATURA,INGENIERÍA PETROLERA
59,1,DIRECCIÓN GENERAL DE COMUNICACIÓN,PRESIDENCIA,H,LICENCIATURA,DERECHO
60,1,DIRECCIÓN GENERAL DE EVALUACIÓN DEL POTENCIAL PETROLERO,UNIDAD TÉCNICA DE EXPLORACIÓN,M,DOCTORADO,QUÍMICA
61,1,SECRETARÍA EJECUTIVA,SECRETARÍA EJECUTIVA,M,MAESTRÍA,POLÍTICA PÚBLICA Y ADMINISTRACIÓN
62,1,ÓRGANO DE GOBIERNO,ÓRGANO DE GOBIERNO,H,LICENCIATURA,INGENIERO GEOLOGO
63,1,DIRECCIÓN GENERAL DE ESTADÍSTICA Y EVALUACIÓN ECONÓMICA,CENTRO NACIONAL DE INFORMACIÓN DE HIDROCARBUROS,H,MAESTRÍA,ECONOMÍA
64,1,DIRECCIÓN GENERAL DE RECURSOS HUMANOS,OFICIALÍA MAYOR,M,LICENCIATURA,DERECHO
65,1,DIRECCIÓN GENERAL DE PLANEACIÓN,OFICIALÍA MAYOR,H,LICENCIATURA,CONTADURÍA
66,1,DIRECCIÓN GENERAL DE LO CONTENCIOSO,UNIDAD JURÍDICA,H,LICENCIATURA,DERECHO
67,1,DIRECCIÓN GENERAL DE DICTÁMENES DE EXTRACCIÓN,UNIDAD TÉCNICA DE EXTRACCIÓN,H,LICENCIATURA,INGENIERO PETROLERO
68,1,DIRECCIÓN GENERAL DE MEDICIÓN,UNIDAD TÉCNICA DE EXTRACCIÓN,M,MAESTRÍA,GOBIERNO Y POLÍTICAS PÚBLICAS
69,1,"DIRECCIÓN GENERAL DE FINANZAS, ADQUISICIONES Y SERVICIOS",OFICIALÍA MAYOR,M,LICENCIATURA,BIOLOGÍA
70,1,UNIDAD TÉCNICA DE EXTRACCIÓN,UNIDAD TÉCNICA DE EXTRACCIÓN,H,PREPARATORIA,
71,1,PRESIDENCIA,PRESIDENCIA,H,MAESTRÍA,DIRECCIÓN DE EMPRESA
72,1,DIRECCIÓN GENERAL DE ADMINISTRACIÓN DEL CENTRO NACIONAL DE INFORMACIÓN DE HIDROCARBUROS,CENTRO NACIONAL DE INFORMACIÓN DE HIDROCARBUROS,M,LICENCIATURA,INGENIERO GEOLOGO
73,1,DIRECCIÓN GENERAL DE ADMINISTRACIÓN DEL CENTRO NACIONAL DE INFORMACIÓN DE HIDROCARBUROS,CENTRO NACIONAL DE INFORMACIÓN DE HIDROCARBUROS,H,LICENCIATURA,INGENIERO PETROLERO
74,1,DIRECCIÓN GENERAL DE TECNOLOGÍAS DE LA INFORMACIÓN,OFICIALÍA MAYOR,H,SECUNDARIA,
75,1,DIRECCIÓN GENERAL DE MEDICIÓN,UNIDAD TÉCNICA DE EXTRACCIÓN,H,LICENCIATURA,INGENIERÍA ELECTRÓNICA
76,1,DIRECCIÓN GENERAL DE AUTORIZACIONES DE EXPLORACIÓN,UNIDAD TÉCNICA DE EXPLORACIÓN,H,LICENCIATURA,INGENIERO GEOFISICO
77,1,DIRECCIÓN GENERAL DE DICTÁMENES DE EXPLORACIÓN,UNIDAD TÉCNICA DE EXPLORACIÓN,M,LICENCIATURA,INGENIERO GEOLOGO
78,1,DIRECCIÓN GENERAL DE RESERVAS Y RECUPERACIÓN AVANZADA,UNIDAD TÉCNICA DE EXTRACCIÓN,M,LICENCIATURA,INGENIERA GEÓLOGA
79,1,DIRECCIÓN GENERAL DE ADMINISTRACIÓN DEL CENTRO NACIONAL DE INFORMACIÓN DE HIDROCARBUROS,CENTRO NACIONAL DE INFORMACIÓN DE HIDROCARBUROS,H,LICENCIATURA,INGENIERÍA PETROLERA
80,1,UNIDAD TÉCNICA DE EXTRACCIÓN,UNIDAD TÉCNICA DE EXTRACCIÓN,M,MAESTRIA,TRADUCCIÓN E INTERPRETACIÓN
81,1,DIRECCIÓN GENERAL DE ADMINISTRACIÓN DEL CENTRO NACIONAL DE INFORMACIÓN DE HIDROCARBUROS,CENTRO NACIONAL DE INFORMACIÓN DE HIDROCARBUROS,H,LICENCIATURA,ECONOMIA
82,1,DIRECCIÓN GENERAL DE AUTORIZACIONES DE EXPLORACIÓN,UNIDAD TÉCNICA DE EXPLORACIÓN,M,LICENCIATURA,INGENIERO QUIMICO INDUSTRIAL
83,1,DIRECCIÓN GENERAL DE ASIGNACIONES Y CONTRATOS DE EXTRACCIÓN,UNIDAD DE ADMINISTRACIÓN TÉCNICA DE ASIGNACIONES Y CONTRATOS,M,LICENCIATURA,INGENIERO GEOFISICO
84,1,DIRECCIÓN GENERAL DE ASIGNACIONES Y CONTRATOS DE EXTRACCIÓN,UNIDAD DE ADMINISTRACIÓN TÉCNICA DE ASIGNACIONES Y CONTRATOS,H,LICENCIATURA,INGENIERÍA PETROLERA
85,1,DIRECCIÓN GENERAL DE ASIGNACIONES Y CONTRATOS DE EXTRACCIÓN,UNIDAD DE ADMINISTRACIÓN TÉCNICA DE ASIGNACIONES Y CONTRATOS,G,LICENCIATURA,INGENIERÍA PETROLERA
86,1,DIRECCIÓN GENERAL DE LO CONTENCIOSO,UNIDAD JURÍDICA,M,LICENCIATURA,DERECHO
87,1,PRESIDENCIA,PRESIDENCIA,M,LICENCIATURA,INGENIERÍA GEOMÁTICA
88,1,DIRECCIÓN GENERAL DE RECURSOS HUMANOS,OFICIALÍA MAYOR,M,LICENCIATURA,ADMINISTRACIÓN
89,1,PRESIDENCIA,PRESIDENCIA,H,SECUNDARIA,-
90,1,SECRETARÍA EJECUTIVA,SECRETARÍA EJECUTIVA,H,LICENCIATURA,ECONOMÍA
91,1,"DIRECCIÓN GENERAL DE FINANZAS, ADQUISICIONES Y SERVICIOS",OFICIALÍA MAYOR,M,LICENCIATURA,ADMINISTRACIÓN DE EMPRESAS
92,1,DIRECCIÓN GENERAL DE ESTADÍSTICA Y EVALUACIÓN ECONÓMICA,CENTRO NACIONAL DE INFORMACIÓN DE HIDROCARBUROS,H,LICENCIATURA,INGENIERÍA PETROLERA
93,1,DIRECCIÓN GENERAL DE ASIGNACIONES Y CONTRATOS DE EXPLORACIÓN,UNIDAD DE ADMINISTRACIÓN TÉCNICA DE ASIGNACIONES Y CONTRATOS,M,LICENCIATURA,INGENIERÍA QUÍMICA
94,1,ÓRGANO DE GOBIERNO,ÓRGANO DE GOBIERNO,H,LICENCIATURA,INGENIERO GEOLOGO
95,1,UNIDAD TÉCNICA DE EXPLORACIÓN,UNIDAD TÉCNICA DE EXPLORACIÓN,H,LICENCIATURA,ECONOMÍA
96,1,DIRECCIÓN GENERAL DE DICTÁMENES DE EXPLORACIÓN,UNIDAD TÉCNICA DE EXPLORACIÓN,M,LICENCIATURA,INGENIERA GEOLOGA
97,1,ÓRGANO DE GOBIERNO,ÓRGANO DE GOBIERNO,M,LICENCIATURA,ADMINISTRACIÓN
98,1,ÓRGANO DE GOBIERNO,ÓRGANO DE GOBIERNO,H,BACHILLERATO TÉCNICO,ECONÓMICA ADMINISTRATIVA
99,1,DIRECCIÓN GENERAL DE DICTÁMENES DE EXTRACCIÓN,UNIDAD TÉCNICA DE EXTRACCIÓN,H,LICENCIATURA,INGENIERO PETROLERO
100,1,CENTRO NACIONAL DE INFORMACIÓN DE HIDROCARBUROS,CENTRO NACIONAL DE INFORMACIÓN DE HIDROCARBUROS,M,LICENCIATURA,ARCHIVONOMÍA
101,1,ÓRGANO DE GOBIERNO,ÓRGANO DE GOBIERNO,M,LICENCIATURA,ECONOMIA
102,1,DIRECCIÓN GENERAL DE REGULACIÓN Y CONSULTA,UNIDAD JURÍDICA,H,LICENCIATURA,DERECHO
103,1,DIRECCIÓN GENERAL DE ASIGNACIONES Y CONTRATOS DE EXPLORACIÓN,UNIDAD DE ADMINISTRACIÓN TÉCNICA DE ASIGNACIONES Y CONTRATOS,H,MAESTRÍA,INGENIERÍA
104,1,"DIRECCIÓN GENERAL DE FINANZAS, ADQUISICIONES Y SERVICIOS",OFICIALÍA MAYOR,H,BACHILLERATO,
105,1,DIRECCIÓN GENERAL DE COMUNICACIÓN,PRESIDENCIA,H,LICENCIATURA,DISEÑO GRÁFICO
106,1,"DIRECCIÓN GENERAL DE FINANZAS, ADQUISICIONES Y SERVICIOS",OFICIALÍA MAYOR,H,LICENCIATURA,ECONOMIA Y FINANZAS INTERNACIONALES
107,1,UNIDAD JURÍDICA,UNIDAD JURÍDICA,H,BACHILLERATO,
108,1,SECRETARÍA EJECUTIVA,SECRETARÍA EJECUTIVA,M,LICENCIATURA,PERIODISMO Y COMUNICACIÓN COLECTIVA
109,1,DIRECCIÓN GENERAL DE RESERVAS Y RECUPERACIÓN AVANZADA,UNIDAD TÉCNICA DE EXTRACCIÓN,H,LICENCIATURA,INGENIERÍA PETROLERA
110,1,ÓRGANO DE GOBIERNO,ÓRGANO DE GOBIERNO,H,MAESTRÍA,HABILIDADES DIRECTIVAS
111,1,DIRECCIÓN GENERAL DE ESTADÍSTICA Y EVALUACIÓN ECONÓMICA,CENTRO NACIONAL DE INFORMACIÓN DE HIDROCARBUROS,M,MAESTRÍA,ECONOMÍA
112,1,ÓRGANO INTERNO DE CONTROL,ÓRGANO INTERNO DE CONTROL,M,LICENCIATURA,CONTADOR PÚBLICO
113,1,DIRECCIÓN GENERAL DE DICTÁMENES DE EXPLORACIÓN,UNIDAD TÉCNICA DE EXPLORACIÓN,H,MAESTRÍA,INGENIERIA
114,1,UNIDAD TÉCNICA DE EXTRACCIÓN,UNIDAD TÉCNICA DE EXTRACCIÓN,H,LICENCIATURA,INGENIERÍA PETROLERA
115,1,ÓRGANO DE GOBIERNO,ÓRGANO DE GOBIERNO,M,LICENCIATURA,INGENIERIA GEOLOGA
116,1,DIRECCIÓN GENERAL DE RESERVAS Y RECUPERACIÓN AVANZADA,UNIDAD TÉCNICA DE EXTRACCIÓN,M,LICENCIATURA,INGENIERÍA PETROLERA
117,1,SECRETARÍA EJECUTIVA,SECRETARÍA EJECUTIVA,H,LICENCIATURA,DERECHO
118,1,DIRECCIÓN GENERAL DE MEDICIÓN,UNIDAD TÉCNICA DE EXTRACCIÓN,H,LICENCIATURA,INGENIERÍA BIOQUIMICA
119,1,DIRECCIÓN GENERAL DE REGULACIÓN Y CONSULTA,UNIDAD JURÍDICA,H,LICENCIATURA,DERECHO
120,1,DIRECCIÓN GENERAL DE TECNOLOGÍAS DE LA INFORMACIÓN,OFICIALÍA MAYOR,H,LICENCIATURA,INFORMÁTICA
121,1,DIRECCIÓN GENERAL DE CONTRATOS,UNIDAD JURÍDICA,H,LICENCIATURA,DERECHO
122,1,DIRECCIÓN GENERAL DE DICTÁMENES DE EXTRACCIÓN,UNIDAD TÉCNICA DE EXTRACCIÓN,M,LICENCIATURA,INGENIERA QUIMICA
123,1,ÓRGANO INTERNO DE CONTROL,ÓRGANO INTERNO DE CONTROL,H,LICENCIATURA,DERECHO
124,1,DIRECCIÓN GENERAL DE COMUNICACIÓN,PRESIDENCIA,H,LICENCIATURA,MERCADOTECNIA INTERNACIONAL
125,1,OFICIALÍA MAYOR,OFICIALÍA MAYOR,H,MAESTRIA,ADMINISTRACION
126,1,SECRETARÍA EJECUTIVA,SECRETARÍA EJECUTIVA,H,LICENCIATURA,ADMINISTRACIÓN
127,1,DIRECCIÓN GENERAL DE EVALUACIÓN DEL POTENCIAL PETROLERO,UNIDAD TÉCNICA DE EXPLORACIÓN,H,LICENCIATURA,INGENIERO GEOFISICO
128,1,DIRECCIÓN GENERAL DE EVALUACIÓN DEL POTENCIAL PETROLERO,UNIDAD TÉCNICA DE EXPLORACIÓN,M,LICENCIATURA,INGENIERO GEOFISICO
129,1,DIRECCIÓN GENERAL DE LICITACIONES,UNIDAD JURÍDICA,M,LICENCIATURA,LENGUAS EXTRANJERAS
130,1,ÓRGANO DE GOBIERNO,ÓRGANO DE GOBIERNO,H,LICENCIATURA,INGENIERO INDUSTRIAL Y DE SISTEMAS
131,1,"DIRECCIÓN GENERAL DE FINANZAS, ADQUISICIONES Y SERVICIOS",OFICIALÍA MAYOR,H,LICENCIATURA,INGENIERÍA PETROLERA
132,1,DIRECCIÓN GENERAL DE ESTADÍSTICA Y EVALUACIÓN ECONÓMICA,CENTRO NACIONAL DE INFORMACIÓN DE HIDROCARBUROS,H,MAESTRÍA,ADMINISTRACIÓN DE EMPRESAS PETROLERAS
133,1,"DIRECCIÓN GENERAL DE FINANZAS, ADQUISICIONES Y SERVICIOS",OFICIALÍA MAYOR,H,BACHILLERATO,
134,1,DIRECCIÓN GENERAL DE RECURSOS HUMANOS,OFICIALÍA MAYOR,H,LICENCIATURA,ADMINISTRACIÓN
135,1,"DIRECCIÓN GENERAL DE FINANZAS, ADQUISICIONES Y SERVICIOS",OFICIALÍA MAYOR,H,LICENCIATURA,DERECHO
136,1,ÓRGANO DE GOBIERNO,ÓRGANO DE GOBIERNO,M,LICENCIATURA,ADMINISTRACIÓN DE EMPRESAS
137,1,DIRECCIÓN GENERAL DE PLANEACIÓN,OFICIALÍA MAYOR,H,LICENCIATURA,LIC. EN CONTADURÍA PÚBLICA
138,1,ÓRGANO DE GOBIERNO,ÓRGANO DE GOBIERNO,H,LICENCIATURA,RELACIONES INTERNACIONALES
139,1,ÓRGANO DE GOBIERNO,ÓRGANO DE GOBIERNO,H,LICENCIATURA,DERECHO
140,1,DIRECCIÓN GENERAL DE DICTÁMENES DE EXTRACCIÓN,UNIDAD TÉCNICA DE EXTRACCIÓN,H,LICENCIATURA,INGENIERÍA INDUSTRIAL EN PRODUCCIÓN
141,1,DIRECCIÓN GENERAL DE REGULACIÓN Y CONSULTA,UNIDAD JURÍDICA,H,LICENCIATURA,DERECHO
142,1,DIRECCIÓN GENERAL DE DICTÁMENES DE EXTRACCIÓN,UNIDAD TÉCNICA DE EXTRACCIÓN,H,LICENCIATURA,INGENIERÍA EN COMPUTACIÓN
143,1,SECRETARÍA EJECUTIVA,SECRETARÍA EJECUTIVA,M,LICENCIATURA,ABOGADO
144,1,DIRECCIÓN GENERAL DE DICTÁMENES DE EXPLORACIÓN,UNIDAD TÉCNICA DE EXPLORACIÓN,H,LICENCIATURA,INGENIERIA EN GEOCIENCIAS
145,1,"DIRECCIÓN GENERAL DE FINANZAS, ADQUISICIONES Y SERVICIOS",OFICIALÍA MAYOR,H,PREPARATORIA,
146,1,DIRECCIÓN GENERAL DE LICITACIONES,UNIDAD JURÍDICA,M,LICENCIATURA,DERECHO
147,1,DIRECCIÓN GENERAL DE ADMINISTRACIÓN DEL CENTRO NACIONAL DE INFORMACIÓN DE HIDROCARBUROS,CENTRO NACIONAL DE INFORMACIÓN DE HIDROCARBUROS,M,LICENCIATURA,INGENIERO GEOLOGO
148,1,DIRECCIÓN GENERAL DE DICTÁMENES DE EXPLORACIÓN,UNIDAD TÉCNICA DE EXPLORACIÓN,H,LICENCIATURA,INGENIERO GEOLOGO
149,1,SECRETARÍA EJECUTIVA,SECRETARÍA EJECUTIVA,H,LICENCIATURA,ADMINISTRACIÓN
150,1,DIRECCIÓN GENERAL DE ASIGNACIONES Y CONTRATOS DE EXPLORACIÓN,UNIDAD DE ADMINISTRACIÓN TÉCNICA DE ASIGNACIONES Y CONTRATOS,H,LICENCIATURA,CONTADURÍA PÚBLICA
151,1,ÓRGANO DE GOBIERNO,ÓRGANO DE GOBIERNO,H,PREPARATORIA,
152,1,DIRECCIÓN GENERAL DE RELACIONES INSTITUCIONALES,PRESIDENCIA,H,LICENCIATURA,DERECHO
153,1,UNIDAD TÉCNICA DE EXTRACCIÓN,UNIDAD TÉCNICA DE EXTRACCIÓN,H,LICENCIATURA,INGENIERPIA LOGISTICA Y TRANSPORTE
154,1,DIRECCIÓN GENERAL DE RECURSOS HUMANOS,OFICIALÍA MAYOR,H,LICENCIATURA,CONTADURÍA
155,1,DIRECCIÓN GENERAL DE AUTORIZACIONES DE EXPLORACIÓN,UNIDAD TÉCNICA DE EXPLORACIÓN,H,LICENCIATURA,INGENIERO GEOLOGO
156,1,DIRECCIÓN GENERAL DE PLANEACIÓN,OFICIALÍA MAYOR,H,LICENCIATURA,ADMINISTRACIÓN
157,1,"DIRECCIÓN GENERAL DE FINANZAS, ADQUISICIONES Y SERVICIOS",OFICIALÍA MAYOR,M,BACHILLERATO TÉCNICO,TÉCNICO CONTABLE
158,1,ÓRGANO DE GOBIERNO,ÓRGANO DE GOBIERNO,H,SECUNDARIA,
159,1,DIRECCIÓN GENERAL DE ASIGNACIONES Y CONTRATOS DE EXPLORACIÓN,UNIDAD DE ADMINISTRACIÓN TÉCNICA DE ASIGNACIONES Y CONTRATOS,M,LICENCIATURA,INGENIERÍA GEOLÓGICA
160,1,DIRECCIÓN GENERAL DE ASIGNACIONES Y CONTRATOS DE EXTRACCIÓN,UNIDAD DE ADMINISTRACIÓN TÉCNICA DE ASIGNACIONES Y CONTRATOS,M,LICENCIATURA,INGENIERO PETROLERO
161,1,ÓRGANO DE GOBIERNO,ÓRGANO DE GOBIERNO,M,LICENCIATURA,INGENIERO MECATRONICO
162,1,DIRECCIÓN GENERAL DE ESTADÍSTICA Y EVALUACIÓN ECONÓMICA,CENTRO NACIONAL DE INFORMACIÓN DE HIDROCARBUROS,H,MAESTRÍA,INGENIERÍA
163,1,DIRECCIÓN GENERAL DE RESERVAS Y RECUPERACIÓN AVANZADA,UNIDAD TÉCNICA DE EXTRACCIÓN,H,LICENCIATURA,INGENIERO GEOLOGO
164,1,DIRECCIÓN GENERAL DE ADMINISTRACIÓN DEL CENTRO NACIONAL DE INFORMACIÓN DE HIDROCARBUROS,CENTRO NACIONAL DE INFORMACIÓN DE HIDROCARBUROS,H,LICENCIATURA,INGENIERO GEOFISICO
165,1,DIRECCIÓN GENERAL DE AUTORIZACIONES DE EXPLORACIÓN,UNIDAD TÉCNICA DE EXPLORACIÓN,H,LICENCIATURA,INGENIERO GEOFISICO
166,1,DIRECCIÓN GENERAL DE ASIGNACIONES Y CONTRATOS DE EXPLORACIÓN,UNIDAD DE ADMINISTRACIÓN TÉCNICA DE ASIGNACIONES Y CONTRATOS,M,LICENCIATURA,INGENIERA PETROLERA
167,1,ÓRGANO INTERNO DE CONTROL,ÓRGANO INTERNO DE CONTROL,H,LICENCIATURA,DERECHO
168,1,DIRECCIÓN GENERAL DE AUTORIZACIONES DE EXPLORACIÓN,UNIDAD TÉCNICA DE EXPLORACIÓN,M,LICENCIATURA,INGENIERA PETROLERA
169,1,DIRECCIÓN GENERAL DE AUTORIZACIONES DE EXPLORACIÓN,UNIDAD TÉCNICA DE EXPLORACIÓN,H,LICENCIATURA,INGENIERO GEÓLOGO
170,1,DIRECCIÓN GENERAL DE AUTORIZACIONES DE EXPLORACIÓN,UNIDAD TÉCNICA DE EXPLORACIÓN,H,LICENCIATURA,INGENERO PETROLERO
171,1,DIRECCIÓN GENERAL DE RECURSOS HUMANOS,OFICIALÍA MAYOR,H,LICENCIATURA,ADMINISTRACIÓN DE EMPRESAS
172,1,DIRECCIÓN GENERAL DE DICTÁMENES DE EXTRACCIÓN,UNIDAD TÉCNICA DE EXTRACCIÓN,H,LICENCIATURA,INGENIERIA PETROLERA
173,1,SECRETARÍA EJECUTIVA,SECRETARÍA EJECUTIVA,H,SECUNDARIA,
174,1,DIRECCIÓN GENERAL DE RESERVAS Y RECUPERACIÓN AVANZADA,UNIDAD TÉCNICA DE EXTRACCIÓN,H,LICENCIATURA,INGENIERÍA PETROLERA
175,1,ÓRGANO DE GOBIERNO,ÓRGANO DE GOBIERNO,M,LICENCIATURA,DERECHO
176,1,DIRECCIÓN GENERAL DE DICTÁMENES DE EXTRACCIÓN,UNIDAD TÉCNICA DE EXTRACCIÓN,H,LICENCIATURA,INGENIERÍA PETROLERA
177,1,DIRECCIÓN GENERAL DE DICTÁMENES DE EXPLORACIÓN,UNIDAD TÉCNICA DE EXPLORACIÓN,M,LICENCIATURA,INGENIERO GEOLOGO
178,1,UNIDAD JURÍDICA,UNIDAD JURÍDICA,H,SECUNDARIA,
179,1,"DIRECCIÓN GENERAL DE FINANZAS, ADQUISICIONES Y SERVICIOS",OFICIALÍA MAYOR,M,LICENCIATURA,CONTADURÍA
180,1,DIRECCIÓN GENERAL DE REGULACIÓN Y CONSULTA,UNIDAD JURÍDICA,M,LICENCIATURA,DERECHO
181,1,SECRETARÍA EJECUTIVA,SECRETARÍA EJECUTIVA,H,BACHILLERATO,
182,1,DIRECCIÓN GENERAL DE COMUNICACIÓN,PRESIDENCIA,H,LICENCIATURA,INGENIERIA EN SISTEMAS COMPUTACIONALES
183,1,DIRECCIÓN GENERAL DE AUTORIZACIONES DE EXPLORACIÓN,UNIDAD TÉCNICA DE EXPLORACIÓN,H,LICENCIATURA,INGENIERO GEOLOGO
184,1,DIRECCIÓN GENERAL DE CONTRATOS,UNIDAD JURÍDICA,H,LICENCIATURA,DERECHO
185,1,DIRECCIÓN GENERAL DE REGULACIÓN Y CONSULTA,UNIDAD JURÍDICA,M,MAESTRÍA,DERECHO
186,1,SECRETARÍA EJECUTIVA,SECRETARÍA EJECUTIVA,M,BACHILLERATO,
187,1,DIRECCIÓN GENERAL DE DICTÁMENES DE EXTRACCIÓN,UNIDAD TÉCNICA DE EXTRACCIÓN,H,LICENCIATURA,INGENIERO PETROLERO
188,1,DIRECCIÓN GENERAL DE LICITACIONES,UNIDAD JURÍDICA,H,LICENCIATURA,INGENIERIA PETROLERA
189,1,DIRECCIÓN GENERAL DE ADMINISTRACIÓN DEL CENTRO NACIONAL DE INFORMACIÓN DE HIDROCARBUROS,CENTRO NACIONAL DE INFORMACIÓN DE HIDROCARBUROS,M,LICENCIATURA,INGENIERO GEOLOGO
190,1,OFICIALÍA MAYOR,OFICIALÍA MAYOR,H,BACHILLERATO,
191,1,"DIRECCIÓN GENERAL DE FINANZAS, ADQUISICIONES Y SERVICIOS",OFICIALÍA MAYOR,M,LICENCIATURA,DERECHO
192,1,DIRECCIÓN GENERAL DE ASIGNACIONES Y CONTRATOS DE EXPLORACIÓN,UNIDAD DE ADMINISTRACIÓN TÉCNICA DE ASIGNACIONES Y CONTRATOS,H,LICENCIATURA,INGENIERO GEOLOGO
193,1,ÓRGANO DE GOBIERNO,ÓRGANO DE GOBIERNO,M,LICENCIATURA,INGENIERÍA PETROLERA
194,1,DIRECCIÓN GENERAL DE RESERVAS Y RECUPERACIÓN AVANZADA,UNIDAD TÉCNICA DE EXTRACCIÓN,H,LICENCIATURA,INGENIERO PETROLERO
195,1,ÓRGANO DE GOBIERNO,ÓRGANO DE GOBIERNO,M,LICENCIATURA,CONTADOR PUBLICO
196,1,DIRECCIÓN GENERAL DE RESERVAS Y RECUPERACIÓN AVANZADA,UNIDAD TÉCNICA DE EXTRACCIÓN,H,MAESTRÍA,FINANZAS
197,1,"DIRECCIÓN GENERAL DE FINANZAS, ADQUISICIONES Y SERVICIOS",OFICIALÍA MAYOR,H,LICENCIATURA,ADMINISTRACIÓN
198,1,"DIRECCIÓN GENERAL DE FINANZAS, ADQUISICIONES Y SERVICIOS",OFICIALÍA MAYOR,M,LICENCIATURA,NEGOCIOS INTERNACIONALES
199,1,DIRECCIÓN GENERAL DE DICTÁMENES DE EXPLORACIÓN,UNIDAD TÉCNICA DE EXPLORACIÓN,H,LICENCIATURA,INGENIERO GEOLOGO
200,1,DIRECCIÓN GENERAL DE RESERVAS Y RECUPERACIÓN AVANZADA,UNIDAD TÉCNICA DE EXTRACCIÓN,H,LICENCIATURA,INGENIERO CIVIL
201,1,DIRECCIÓN GENERAL DE TECNOLOGÍAS DE LA INFORMACIÓN,OFICIALÍA MAYOR,M,LICENCIATURA,INFORMÁTICA
202,1,ÓRGANO DE GOBIERNO,ÓRGANO DE GOBIERNO,H,DOCTORADO,INGENIERÍA PETROLERA
203,1,"DIRECCIÓN GENERAL DE FINANZAS, ADQUISICIONES Y SERVICIOS",OFICIALÍA MAYOR,M,BACHILLERATO TECNOLÓGICO,PRODUCTOR EN MEDIOS DE LA COMUNICACIÓN
204,1,"DIRECCIÓN GENERAL DE FINANZAS, ADQUISICIONES Y SERVICIOS",OFICIALÍA MAYOR,M,LICENCIATURA,DERECHO
205,1,DIRECCIÓN GENERAL DE TECNOLOGÍAS DE LA INFORMACIÓN,OFICIALÍA MAYOR,H,LICENCIATURA,INFORMÁTICA ADMINISTRATIVA
206,1,ÓRGANO DE GOBIERNO,ÓRGANO DE GOBIERNO,H,LICENCIATURA,DERECHO
207,1,ÓRGANO INTERNO DE CONTROL,ÓRGANO INTERNO DE CONTROL,M,LICENCIATURA,CIENCIAS POLÍTICAS Y ADMINISTRACIÓN PÚBLICA
208,1,DIRECCIÓN GENERAL DE MEDICIÓN,UNIDAD TÉCNICA DE EXTRACCIÓN,H,LICENCIATURA,INGENIERÍA PETROLERA
209,1,ÓRGANO INTERNO DE CONTROL,ÓRGANO INTERNO DE CONTROL,H,LICENCIATURA,CONTADOR PUBLICO
210,1,UNIDAD TÉCNICA DE EXTRACCIÓN,UNIDAD TÉCNICA DE EXTRACCIÓN,H,MAESTRÍA,ADMINISTRACIÓN
211,1,DIRECCIÓN GENERAL DE ASIGNACIONES Y CONTRATOS DE EXPLORACIÓN,UNIDAD DE ADMINISTRACIÓN TÉCNICA DE ASIGNACIONES Y CONTRATOS,M,MAESTRÍA,CIENCIAS
212,1,DIRECCIÓN GENERAL DE TECNOLOGÍAS DE LA INFORMACIÓN,OFICIALÍA MAYOR,H,BACHILLERATO,
213,1,DIRECCIÓN GENERAL DE ASIGNACIONES Y CONTRATOS DE EXTRACCIÓN,UNIDAD DE ADMINISTRACIÓN TÉCNICA DE ASIGNACIONES Y CONTRATOS,H,LICENCIATURA,INGENIERIA CIVIL
214,1,DIRECCIÓN GENERAL DE ESTADÍSTICA Y EVALUACIÓN ECONÓMICA,CENTRO NACIONAL DE INFORMACIÓN DE HIDROCARBUROS,H,MAESTRÍA,ECONOMIA
215,1,"DIRECCIÓN GENERAL DE FINANZAS, ADQUISICIONES Y SERVICIOS",OFICIALÍA MAYOR,H,LICENCIATURA,COMERCIO INTERNACIONAL
216,1,SECRETARÍA EJECUTIVA,SECRETARÍA EJECUTIVA,H,MAESTRÍA,ECONOMÍA
217,1,DIRECCIÓN GENERAL DE ASIGNACIONES Y CONTRATOS DE EXTRACCIÓN,UNIDAD DE ADMINISTRACIÓN TÉCNICA DE ASIGNACIONES Y CONTRATOS,H,LICENCIATURA,INGENIERÍA CIVIL
218,1,ÓRGANO DE GOBIERNO,ÓRGANO DE GOBIERNO,H,LICENCIATURA,INGENIERO INDUSTRIAL Y DE SISTEMAS
219,1,DIRECCIÓN GENERAL DE MEDICIÓN,UNIDAD TÉCNICA DE EXTRACCIÓN,H,LICENCIATURA,INGENIERIA PETROLERA
220,1,ÓRGANO DE GOBIERNO,ÓRGANO DE GOBIERNO,M,LICENCIATURA,ADMINISTRACIÓN
221,1,DIRECCIÓN GENERAL DE TECNOLOGÍAS DE LA INFORMACIÓN,OFICIALÍA MAYOR,H,LICENCIATURA,INGENIERÍA EN SISTEMAS COMPUTACIONALES
222,1,ÓRGANO DE GOBIERNO,ÓRGANO DE GOBIERNO,H,MAESTRÍA,ECONOMÍA Y POLÍTICA PÚBLICA
223,1,"DIRECCIÓN GENERAL DE FINANZAS, ADQUISICIONES Y SERVICIOS",OFICIALÍA MAYOR,M,BACHILLERATO,
224,1,DIRECCIÓN GENERAL DE EVALUACIÓN DEL POTENCIAL PETROLERO,UNIDAD TÉCNICA DE EXPLORACIÓN,H,LICENCIATURA,INGENIERO GEOLOGO
225,1,DIRECCIÓN GENERAL DE ASIGNACIONES Y CONTRATOS DE EXTRACCIÓN,UNIDAD DE ADMINISTRACIÓN TÉCNICA DE ASIGNACIONES Y CONTRATOS,H,LICENCIATURA,INGENIERO GEOFISICO
226,1,UNIDAD TÉCNICA DE EXPLORACIÓN,UNIDAD TÉCNICA DE EXPLORACIÓN,H,MAESTRIA,EXPLORACIÓN DE RECURSOS ENERGETICOS DEL SUBSUELO
227,1,DIRECCIÓN GENERAL DE MEDICIÓN,UNIDAD TÉCNICA DE EXTRACCIÓN,H,LICENCIATURA,INGENIERIA PETROLERA
228,1,DIRECCIÓN GENERAL DE EVALUACIÓN DEL POTENCIAL PETROLERO,UNIDAD TÉCNICA DE EXPLORACIÓN,H,LICENCIATURA,INGENIERÍA EN GEOCIENCIAS
229,1,"DIRECCIÓN GENERAL DE FINANZAS, ADQUISICIONES Y SERVICIOS",OFICIALÍA MAYOR,H,LICENCIATURA,CONTADURÍA
230,1,ÓRGANO DE GOBIERNO,ÓRGANO DE GOBIERNO,H,DOCTORADO,QUIMICA
231,1,CENTRO NACIONAL DE INFORMACIÓN DE HIDROCARBUROS,CENTRO NACIONAL DE INFORMACIÓN DE HIDROCARBUROS,H,SECUNDARIA,
232,1,DIRECCIÓN GENERAL DE LICITACIONES,UNIDAD JURÍDICA,H,LICENCIATURA,DERECHO
233,1,DIRECCIÓN GENERAL DE REGULACIÓN Y CONSULTA,UNIDAD JURÍDICA,M,LICENCIATURA,ABOGADO
234,1,DIRECCIÓN GENERAL DE EVALUACIÓN DEL POTENCIAL PETROLERO,UNIDAD TÉCNICA DE EXPLORACIÓN,H,LICENCIATURA,INGENIERO GEOLOGO
235,1,DIRECCIÓN GENERAL DE PLANEACIÓN,OFICIALÍA MAYOR,H,MAESTRIA,POLITICAS PUBLICAS
236,1,"DIRECCIÓN GENERAL DE FINANZAS, ADQUISICIONES Y SERVICIOS",OFICIALÍA MAYOR,M,PREPARATORIA,
237,1,UNIDAD JURÍDICA,UNIDAD JURÍDICA,H,LICENCIATURA,DERECHO
238,1,ÓRGANO DE GOBIERNO,ÓRGANO DE GOBIERNO,H,LICENCIATURA,INGENIERO QUIMICO
239,1,DIRECCIÓN GENERAL DE ESTADÍSTICA Y EVALUACIÓN ECONÓMICA,CENTRO NACIONAL DE INFORMACIÓN DE HIDROCARBUROS,H,MAESTRÍA,ECONOMÍA
240,1,DIRECCIÓN GENERAL DE RECURSOS HUMANOS,OFICIALÍA MAYOR,M,LICENCIATURA,CONTADURÍA
241,1,DIRECCIÓN GENERAL DE RECURSOS HUMANOS,OFICIALÍA MAYOR,M,LICENCIATURA,CIENCIAS DE LA COMUNICACIÓN
242,1,DIRECCIÓN GENERAL DE ESTADÍSTICA Y EVALUACIÓN ECONÓMICA,CENTRO NACIONAL DE INFORMACIÓN DE HIDROCARBUROS,H,MAESTRÍA,INGENIERIA
243,1,DIRECCIÓN GENERAL DE LICITACIONES,UNIDAD JURÍDICA,M,SECUNDARIA,
244,1,"DIRECCIÓN GENERAL DE FINANZAS, ADQUISICIONES Y SERVICIOS",OFICIALÍA MAYOR,H,LICENCIATURA,CONTADOR PUBLICO
245,1,DIRECCIÓN GENERAL DE AUTORIZACIONES DE EXPLORACIÓN,UNIDAD TÉCNICA DE EXPLORACIÓN,H,LICENCIATURA,INGENIERO GEOFÍSICO
246,1,DIRECCIÓN GENERAL DE LICITACIONES,UNIDAD JURÍDICA,H,LICENCIATURA,DERECHO
247,1,DIRECCIÓN GENERAL DE DICTÁMENES DE EXTRACCIÓN,UNIDAD TÉCNICA DE EXTRACCIÓN,H,MAESTRIA,PETROLEUM ECONOMICS MANAGEMENT
248,1,DIRECCIÓN GENERAL DE MEDICIÓN,UNIDAD TÉCNICA DE EXTRACCIÓN,H,LICENCIATURA,INGENIERÍA PETROLERA
249,1,DIRECCIÓN GENERAL DE ASIGNACIONES Y CONTRATOS DE EXPLORACIÓN,UNIDAD DE ADMINISTRACIÓN TÉCNICA DE ASIGNACIONES Y CONTRATOS,M,MAESTRÍA,ECONOMÍA
250,1,ÓRGANO DE GOBIERNO,ÓRGANO DE GOBIERNO,M,LICENCIATURA,CIENCIAS DE LA COMUNICACIÓN
251,1,DIRECCIÓN GENERAL DE LICITACIONES,UNIDAD JURÍDICA,H,LICENCIATURA,CONTADOR PUBLICO
252,1,DIRECCIÓN GENERAL DE ASIGNACIONES Y CONTRATOS DE EXPLORACIÓN,UNIDAD DE ADMINISTRACIÓN TÉCNICA DE ASIGNACIONES Y CONTRATOS,H,LICENCIATURA,INGENIERO GEOLOGO
253,1,ÓRGANO DE GOBIERNO,ÓRGANO DE GOBIERNO,M,LICENCIATURA,DERECHO
254,1,PRESIDENCIA,PRESIDENCIA,M,CARRERA TÉCNICA,SECRETARIA EJECUTIVA
255,1,OFICIALÍA MAYOR,OFICIALÍA MAYOR,H,SECUNDARIA,
256,1,ÓRGANO INTERNO DE CONTROL,ÓRGANO INTERNO DE CONTROL,H,LICENCIATURA,ADMINISTRACIÓN DE EMPRESAS
257,1,SECRETARÍA EJECUTIVA,SECRETARÍA EJECUTIVA,H,MAESTRÍA,COMUNICACIÓN Y TECNOLOGÍAS EDUCATIVAS
258,1,UNIDAD DE ADMINISTRACIÓN TÉCNICA DE ASIGNACIONES Y CONTRATOS,UNIDAD DE ADMINISTRACIÓN TÉCNICA DE ASIGNACIONES Y CONTRATOS,H,SECUNDARIA,
259,1,DIRECCIÓN GENERAL DE ADMINISTRACIÓN DEL CENTRO NACIONAL DE INFORMACIÓN DE HIDROCARBUROS,CENTRO NACIONAL DE INFORMACIÓN DE HIDROCARBUROS,M,LICENCIATURA,INGENIERIA PETROLERA
260,1,DIRECCIÓN GENERAL DE LO CONTENCIOSO,UNIDAD JURÍDICA,H,LICENCIATURA,DERECHO
261,1,DIRECCIÓN GENERAL DE CONTRATOS,UNIDAD JURÍDICA,M,LICENCIATURA,DERECHO
262,1,DIRECCIÓN GENERAL DE DICTÁMENES DE EXPLORACIÓN,UNIDAD TÉCNICA DE EXPLORACIÓN,H,DOCTORADO,GEOLOGIA
263,1,DIRECCIÓN GENERAL DE AUTORIZACIONES DE EXPLORACIÓN,UNIDAD TÉCNICA DE EXPLORACIÓN,H,MAESTRÍA,CIENCIAS GEOLOGÍA
264,1,UNIDAD TÉCNICA DE EXTRACCIÓN,UNIDAD TÉCNICA DE EXTRACCIÓN,M,LICENCIATURA,DERECHO
265,1,DIRECCIÓN GENERAL DE COMUNICACIÓN,PRESIDENCIA,H,LICENCIATURA,CIENCIAS SOCIALES
266,1,DIRECCIÓN GENERAL DE ADMINISTRACIÓN DEL CENTRO NACIONAL DE INFORMACIÓN DE HIDROCARBUROS,CENTRO NACIONAL DE INFORMACIÓN DE HIDROCARBUROS,M,MAESTRÍA,HABILIDADES DIRECTIVAS
267,1,DIRECCIÓN GENERAL DE REGULACIÓN Y CONSULTA,UNIDAD JURÍDICA,H,MAESTRÍA,DERECHO CORPORATIVO
268,1,DIRECCIÓN GENERAL DE MEDICIÓN,UNIDAD TÉCNICA DE EXTRACCIÓN,H,MAESTRÍA,INGENIERÍA PETROLERA
269,1,DIRECCIÓN GENERAL DE ASIGNACIONES Y CONTRATOS DE EXTRACCIÓN,UNIDAD DE ADMINISTRACIÓN TÉCNICA DE ASIGNACIONES Y CONTRATOS,H,LICENCIATURA,INGENIERÍA PETROLERA
270,1,ÓRGANO DE GOBIERNO,ÓRGANO DE GOBIERNO,H,SECUNDARIA,
271,1,DIRECCIÓN GENERAL DE DICTÁMENES DE EXTRACCIÓN,UNIDAD TÉCNICA DE EXTRACCIÓN,H,LICENCIATURA,INGENIERO PETROLERO
272,1,ÓRGANO DE GOBIERNO,ÓRGANO DE GOBIERNO,H,LICENCIATURA,DERECHO
273,1,DIRECCIÓN GENERAL DE MEDICIÓN,UNIDAD TÉCNICA DE EXTRACCIÓN,H,MAESTRÍA,ADMINISTRACIÓN DE NEGOCIOS ÁREA CALIDAD Y PRODUCTIVIDAD
274,1,SECRETARÍA EJECUTIVA,SECRETARÍA EJECUTIVA,H,LICENCIATURA,ADMINISTRACION
275,1,ÓRGANO DE GOBIERNO,ÓRGANO DE GOBIERNO,M,MAESTRÍA,INGENIERÍA
276,1,ÓRGANO DE GOBIERNO,ÓRGANO DE GOBIERNO,H,LICENCIATURA,ABOGADO
277,1,DIRECCIÓN GENERAL DE COMUNICACIÓN,PRESIDENCIA,M,MAESTRÍA,GOBIERNO Y POLÍTICAS PÚBLICAS
278,1,ÓRGANO DE GOBIERNO,ÓRGANO DE GOBIERNO,M,DOCTORADO,GEOFISICA APLICADA
279,1,DIRECCIÓN GENERAL DE EVALUACIÓN DEL POTENCIAL PETROLERO,UNIDAD TÉCNICA DE EXPLORACIÓN,H,LICENCIATURA,INGENIERO GEOFISICO
280,1,DIRECCIÓN GENERAL DE EVALUACIÓN DEL POTENCIAL PETROLERO,UNIDAD TÉCNICA DE EXPLORACIÓN,H,LICENCIATURA,INGENIERO GEOFÍSICO
281,1,ÓRGANO INTERNO DE CONTROL,ÓRGANO INTERNO DE CONTROL,M,LICENCIATURA,DERECHO
282,1,ÓRGANO INTERNO DE CONTROL,ÓRGANO INTERNO DE CONTROL,M,LICENCIATURA,ECONOMÍA
283,1,DIRECCIÓN GENERAL DE EVALUACIÓN DEL POTENCIAL PETROLERO,UNIDAD TÉCNICA DE EXPLORACIÓN,H,MAESTRÍA,CIENCIAS EN LA ESPECIALIDAD DE GEOLOGÍA
284,1,DIRECCIÓN GENERAL DE TECNOLOGÍAS DE LA INFORMACIÓN,OFICIALÍA MAYOR,H,MAESTRÍA,INFORMÁTICA ADMINISTRATIVA
285,1,DIRECCIÓN GENERAL DE ADMINISTRACIÓN DEL CENTRO NACIONAL DE INFORMACIÓN DE HIDROCARBUROS,CENTRO NACIONAL DE INFORMACIÓN DE HIDROCARBUROS,M,LICENCIATURA,ECONOMÍA
286,1,"DIRECCIÓN GENERAL DE FINANZAS, ADQUISICIONES Y SERVICIOS",OFICIALÍA MAYOR,M,LICENCIATURA,CONTABILIDAD PÚBLICA Y FINANZAS
287,1,ÓRGANO DE GOBIERNO,ÓRGANO DE GOBIERNO,M,LICENCIATURA,DERECHO
288,1,ÓRGANO INTERNO DE CONTROL,ÓRGANO INTERNO DE CONTROL,M,CARRERA TÉCNICA,SECRETARIA EJECUTIVA
289,1,DIRECCIÓN GENERAL DE TECNOLOGÍAS DE LA INFORMACIÓN,OFICIALÍA MAYOR,M,LICENCIATURA,ADMINISTRACIÓN INDUSTRIAL
290,1,DIRECCIÓN GENERAL DE MEDICIÓN,UNIDAD TÉCNICA DE EXTRACCIÓN,M,LICENCIATURA,INGENIERÍA PETROLERA
291,1,ÓRGANO DE GOBIERNO,ÓRGANO DE GOBIERNO,H,LICENCIATURA,DERECHO
292,1,UNIDAD TÉCNICA DE EXTRACCIÓN,UNIDAD TÉCNICA DE EXTRACCIÓN,H,LICENCIATURA,INGENIERÍA PETROLERA
293,1,DIRECCIÓN GENERAL DE ASIGNACIONES Y CONTRATOS DE EXPLORACIÓN,UNIDAD DE ADMINISTRACIÓN TÉCNICA DE ASIGNACIONES Y CONTRATOS,H,MAESTRÍA,INGENERÍA
294,1,DIRECCIÓN GENERAL DE TECNOLOGÍAS DE LA INFORMACIÓN,OFICIALÍA MAYOR,H,LICENCIATURA,INGENIERÍA INDUSTRIAL
295,1,SECRETARÍA EJECUTIVA,SECRETARÍA EJECUTIVA,H,LICENCIATURA,DERECHO
296,1,DIRECCIÓN GENERAL DE ESTADÍSTICA Y EVALUACIÓN ECONÓMICA,CENTRO NACIONAL DE INFORMACIÓN DE HIDROCARBUROS,M,LICENCIATURA,ECONOMÍA
297,1,DIRECCIÓN GENERAL DE LO CONTENCIOSO,UNIDAD JURÍDICA,M,LICENCIATURA,DERECHO
298,1,DIRECCIÓN GENERAL DE ASIGNACIONES Y CONTRATOS DE EXPLORACIÓN,UNIDAD DE ADMINISTRACIÓN TÉCNICA DE ASIGNACIONES Y CONTRATOS,M,LICENCIATURA,INGENIERA GEOLOGA
299,1,DIRECCIÓN GENERAL DE ASIGNACIONES Y CONTRATOS DE EXTRACCIÓN,UNIDAD DE ADMINISTRACIÓN TÉCNICA DE ASIGNACIONES Y CONTRATOS,M,LICENCIATURA,INGENIERO PETROLERO
300,1,CENTRO NACIONAL DE INFORMACIÓN DE HIDROCARBUROS,CENTRO NACIONAL DE INFORMACIÓN DE HIDROCARBUROS,H,MAESTRÍA,ECONOMÍA
301,1,DIRECCIÓN GENERAL DE AUTORIZACIONES DE EXPLORACIÓN,UNIDAD TÉCNICA DE EXPLORACIÓN,H,LICENCIATURA,INGENIERO GEOLOGO
302,1,DIRECCIÓN GENERAL DE ADMINISTRACIÓN DEL CENTRO NACIONAL DE INFORMACIÓN DE HIDROCARBUROS,CENTRO NACIONAL DE INFORMACIÓN DE HIDROCARBUROS,M,MAESTRÍA,GEOMÁTICA
303,1,ÓRGANO DE GOBIERNO,ÓRGANO DE GOBIERNO,H,MAESTRÍA,ECONOMÍA APLICADA
304,1,DIRECCIÓN GENERAL DE EVALUACIÓN DEL POTENCIAL PETROLERO,UNIDAD TÉCNICA DE EXPLORACIÓN,M,LICENCIATURA,GEOGRAFÍA
305,1,ÓRGANO DE GOBIERNO,ÓRGANO DE GOBIERNO,M,LICENCIATURA,INGENIERO GEOLOGO
306,1,UNIDAD TÉCNICA DE EXPLORACIÓN,UNIDAD TÉCNICA DE EXPLORACIÓN,M,PREPARATORIA,
307,1,DIRECCIÓN GENERAL DE ASIGNACIONES Y CONTRATOS DE EXPLORACIÓN,UNIDAD DE ADMINISTRACIÓN TÉCNICA DE ASIGNACIONES Y CONTRATOS,H,LICENCIATURA,INGENIERÍA ELECTRÓNICA
308,1,UNIDAD DE ADMINISTRACIÓN TÉCNICA DE ASIGNACIONES Y CONTRATOS,UNIDAD DE ADMINISTRACIÓN TÉCNICA DE ASIGNACIONES Y CONTRATOS,M,LICENCIATURA,DERECHO
309,1,DIRECCIÓN GENERAL DE RECURSOS HUMANOS,OFICIALÍA MAYOR,H,MAESTRÍA,ADMINISTRACION CON ESPECIALIDAD EN INGENIERIA FINANCIERA
310,1,"DIRECCIÓN GENERAL DE FINANZAS, ADQUISICIONES Y SERVICIOS",OFICIALÍA MAYOR,H,LICENCIATURA,INGENIERIA INDUSTRIAL
311,1,DIRECCIÓN GENERAL DE REGULACIÓN Y CONSULTA,UNIDAD JURÍDICA,H,MAESTRÍA,DERECHO CORPORATIVO
312,1,"DIRECCIÓN GENERAL DE FINANZAS, ADQUISICIONES Y SERVICIOS",OFICIALÍA MAYOR,H,LICENCIATURA,ADMINISTRACIÓN DE EMPRESAS
313,1,DIRECCIÓN GENERAL DE LO CONTENCIOSO,UNIDAD JURÍDICA,H,LICENCIATURA,DERECHO
314,1,DIRECCIÓN GENERAL DE ASIGNACIONES Y CONTRATOS DE EXPLORACIÓN,UNIDAD DE ADMINISTRACIÓN TÉCNICA DE ASIGNACIONES Y CONTRATOS,H,LICENCIATURA,INGENIERO MECANICO ELECTRICISTA 
315,1,SECRETARÍA EJECUTIVA,SECRETARÍA EJECUTIVA,H,LICENCIATURA,DERECHO
316,1,DIRECCIÓN GENERAL DE DICTÁMENES DE EXTRACCIÓN,UNIDAD TÉCNICA DE EXTRACCIÓN,H,LICENCIATURA,DERECHO
317,1,SECRETARÍA EJECUTIVA,SECRETARÍA EJECUTIVA,A,LICENCIATURA,DERECHO
318,1,"DIRECCIÓN GENERAL DE FINANZAS, ADQUISICIONES Y SERVICIOS",OFICIALÍA MAYOR,H,LICENCIATURA,ACTUARÍA
319,1,DIRECCIÓN GENERAL DE DICTÁMENES DE EXTRACCIÓN,UNIDAD TÉCNICA DE EXTRACCIÓN,M,LICENCIATURA,INGENIERÍA PETROLERA
320,1,"DIRECCIÓN GENERAL DE FINANZAS, ADQUISICIONES Y SERVICIOS",OFICIALÍA MAYOR,M,LICENCIATURA,CONTADURÍA PÚBLICA
321,1,DIRECCIÓN GENERAL DE AUTORIZACIONES DE EXPLORACIÓN,UNIDAD TÉCNICA DE EXPLORACIÓN,H,LICENCIATURA,INGENIERO GEOLOGO
322,1,DIRECCIÓN GENERAL DE TECNOLOGÍAS DE LA INFORMACIÓN,OFICIALÍA MAYOR,H,LICENCIATURA,INFORMÁTICA
323,1,DIRECCIÓN GENERAL DE PLANEACIÓN,OFICIALÍA MAYOR,H,LICENCIATURA,CIENCIAS POLÍTICAS Y ADMINISTRACIÓN PÚBLICA
324,1,DIRECCIÓN GENERAL DE DICTÁMENES DE EXTRACCIÓN,UNIDAD TÉCNICA DE EXTRACCIÓN,H,MAESTRÍA,INGENIERÍA PETROLERA
325,1,DIRECCIÓN GENERAL DE CONTRATOS,UNIDAD JURÍDICA,M,CARRERA TÉCNICA,SECRETARIA BILINGÜE Y CONTADURÍA PRIVADA
326,1,ÓRGANO INTERNO DE CONTROL,ÓRGANO INTERNO DE CONTROL,H,LICENCIATURA,CONTADURÍA
327,1,ÓRGANO INTERNO DE CONTROL,ÓRGANO INTERNO DE CONTROL,H,LICENCIATURA,CONTADURÍA
328,1,ÓRGANO DE GOBIERNO,ÓRGANO DE GOBIERNO,H,LICENCIATURA,INGENIERO PETROLERO
329,1,ÓRGANO DE GOBIERNO,ÓRGANO DE GOBIERNO,M,LICENCIATURA,ABOGADO
330,1,DIRECCIÓN GENERAL DE MEDICIÓN,UNIDAD TÉCNICA DE EXTRACCIÓN,H,LICENCIATURA,INGENIERO PETROLERO
331,1,DIRECCIÓN GENERAL DE ADMINISTRACIÓN DEL CENTRO NACIONAL DE INFORMACIÓN DE HIDROCARBUROS,CENTRO NACIONAL DE INFORMACIÓN DE HIDROCARBUROS,M,MAESTRÍA,CIENCIAS
332,1,DIRECCIÓN GENERAL DE COMUNICACIÓN,PRESIDENCIA,M,LICENCIATURA,CIENCIAS DE LA COMUNICACIÓN
333,1,DIRECCIÓN GENERAL DE TECNOLOGÍAS DE LA INFORMACIÓN,OFICIALÍA MAYOR,H,MAESTRÍA,INGENIERÍA
334,1,"DIRECCIÓN GENERAL DE FINANZAS, ADQUISICIONES Y SERVICIOS",OFICIALÍA MAYOR,H,LICENCIATURA,INFORMÁTICA
335,1,"DIRECCIÓN GENERAL DE FINANZAS, ADQUISICIONES Y SERVICIOS",OFICIALÍA MAYOR,M,LICENCIATURA,SOCIOLOGIA DE LA EDUCACIÓN
336,1,SECRETARÍA EJECUTIVA,SECRETARÍA EJECUTIVA,H,LICENCIATURA,ADMINISTRACIÓN PÚBLICA
337,1,DIRECCIÓN GENERAL DE CONTRATOS,UNIDAD JURÍDICA,H,MAESTRÍA,DERECHO DE LA EMPRESA
338,1,DIRECCIÓN GENERAL DE RELACIONES INSTITUCIONALES,PRESIDENCIA,M,LICENCIATURA,DERECHO
339,1,DIRECCIÓN GENERAL DE ASIGNACIONES Y CONTRATOS DE EXPLORACIÓN,UNIDAD DE ADMINISTRACIÓN TÉCNICA DE ASIGNACIONES Y CONTRATOS,H,LICENCIATURA,INGENIERÍA PETROLERA
340,1,DIRECCIÓN GENERAL DE TECNOLOGÍAS DE LA INFORMACIÓN,OFICIALÍA MAYOR,M,MAESTRÍA,SISTEMAS INTERACTIVOS CENTRADOS EN EL USUARIO
341,1,DIRECCIÓN GENERAL DE ADMINISTRACIÓN DEL CENTRO NACIONAL DE INFORMACIÓN DE HIDROCARBUROS,CENTRO NACIONAL DE INFORMACIÓN DE HIDROCARBUROS,H,LICENCIATURA,INGENIERO PETROLERO
342,1,DIRECCIÓN GENERAL DE ADMINISTRACIÓN DEL CENTRO NACIONAL DE INFORMACIÓN DE HIDROCARBUROS,CENTRO NACIONAL DE INFORMACIÓN DE HIDROCARBUROS,M,LICENCIATURA,INGENIERO GEOLOGO
343,1,"DIRECCIÓN GENERAL DE FINANZAS, ADQUISICIONES Y SERVICIOS",OFICIALÍA MAYOR,M,LICENCIATURA,ADMINISTRACIÓN INDUSTRIAL
344,1,SECRETARÍA EJECUTIVA,SECRETARÍA EJECUTIVA,H,LICENCIATURA,DERECHO
345,1,DIRECCIÓN GENERAL DE ASIGNACIONES Y CONTRATOS DE EXPLORACIÓN,UNIDAD DE ADMINISTRACIÓN TÉCNICA DE ASIGNACIONES Y CONTRATOS,H,LICENCIATURA,INGENIERO GEOLOGO
346,1,DIRECCIÓN GENERAL DE ASIGNACIONES Y CONTRATOS DE EXTRACCIÓN,UNIDAD DE ADMINISTRACIÓN TÉCNICA DE ASIGNACIONES Y CONTRATOS,H,LICENCIATURA,INGENIERÍA PETROLERA
347,1,DIRECCIÓN GENERAL DE AUTORIZACIONES DE EXPLORACIÓN,UNIDAD TÉCNICA DE EXPLORACIÓN,H,LICENCIATURA,INGENIERIA EN GEOCIENCIAS
348,1,DIRECCIÓN GENERAL DE RESERVAS Y RECUPERACIÓN AVANZADA,UNIDAD TÉCNICA DE EXTRACCIÓN,H,LICENCIATURA,INGENIERÍA PETROLERA
349,1,DIRECCIÓN GENERAL DE ASIGNACIONES Y CONTRATOS DE EXPLORACIÓN,UNIDAD DE ADMINISTRACIÓN TÉCNICA DE ASIGNACIONES Y CONTRATOS,H,LICENCIATURA,INGENIERÍA EN ELECTRÓNICA Y COMPUTACIÓN
350,1,DIRECCIÓN GENERAL DE LO CONTENCIOSO,UNIDAD JURÍDICA,M,LICENCIATURA,DERECHO
351,0,UNIDAD JURÍDICA,UNIDAD JURÍDICA,,,
352,0,DIRECCIÓN GENERAL DE LICITACIONES,UNIDAD JURÍDICA,,,
353,0,DIRECCIÓN GENERAL DE REGULACIÓN Y CONSULTA,UNIDAD JURÍDICA,,,
354,0,DIRECCIÓN GENERAL DE REGULACIÓN Y CONSULTA,UNIDAD JURÍDICA,,,
355,0,UNIDAD TÉCNICA DE EXTRACCIÓN,UNIDAD TÉCNICA DE EXTRACCIÓN,,,
356,0,DIRECCIÓN GENERAL DE RESERVAS Y RECUPERACIÓN AVANZADA,UNIDAD TÉCNICA DE EXTRACCIÓN,,,
357,0,DIRECCIÓN GENERAL DE DICTÁMENES DE EXTRACCIÓN,UNIDAD TÉCNICA DE EXTRACCIÓN,,,
358,0,CENTRO NACIONAL DE INFORMACIÓN DE HIDROCARBUROS,CENTRO NACIONAL DE INFORMACIÓN DE HIDROCARBUROS,,,
359,0,DIRECCIÓN GENERAL DE ESTADÍSTICA Y EVALUACIÓN ECONÓMICA,CENTRO NACIONAL DE INFORMACIÓN DE HIDROCARBUROS,,,
360,0,DIRECCIÓN GENERAL DE RECURSOS HUMANOS,OFICIALÍA MAYOR,,,
361,0,DIRECCIÓN GENERAL DE PLANEACIÓN,OFICIALÍA MAYOR,,,
362,0,DIRECCIÓN GENERAL DE PLANEACIÓN,OFICIALÍA MAYOR,,,
363,0,DIRECCIÓN GENERAL DE TECNOLOGÍAS DE LA INFORMACIÓN,OFICIALÍA MAYOR,,,
364,0,DIRECCIÓN GENERAL DE TECNOLOGÍAS DE LA INFORMACIÓN,OFICIALÍA MAYOR,,,
365,0,DIRECCIÓN GENERAL DE TECNOLOGÍAS DE LA INFORMACIÓN,OFICIALÍA MAYOR,,,
366,0,DIRECCIÓN GENERAL DE TECNOLOGÍAS DE LA INFORMACIÓN,OFICIALÍA MAYOR,,,
367,1,DIRECCIÓN GENERAL DE CONTRATOS,UNIDAD JURÍDICA,M,LICENCIATURA,DERECHO
368,1,DIRECCIÓN GENERAL DE DICTÁMENES DE EXPLORACIÓN,UNIDAD TÉCNICA DE EXPLORACIÓN,M,LICENCIATURA,INGENIERIA GEOLOGO
369,1,DIRECCIÓN GENERAL DE DICTÁMENES DE EXTRACCIÓN,UNIDAD TÉCNICA DE EXTRACCIÓN,M,LICENCIATURA,INGENIERÍA GEOFÍSICA
370,1,DIRECCIÓN GENERAL DE ESTADÍSTICA Y EVALUACIÓN ECONÓMICA,CENTRO NACIONAL DE INFORMACIÓN DE HIDROCARBUROS,H,LICENCIATURA,INGENIERO GEOLOGO
371,1,ÓRGANO DE GOBIERNO,ÓRGANO DE GOBIERNO,H,LICENCIATURA,DERECHO
372,1,DIRECCIÓN GENERAL DE MEDICIÓN,UNIDAD TÉCNICA DE EXTRACCIÓN,H,MAESTRÍA,ADMINISTRACIÓN
373,1,ÓRGANO DE GOBIERNO,ÓRGANO DE GOBIERNO,H,SECUNDARIA,
374,1,DIRECCIÓN GENERAL DE COMUNICACIÓN,PRESIDENCIA,H,MAESTRÍA,ADMINISTRACIÓN PÚBLICA Y POLÍTICAS PÚBLICAS
375,1,DIRECCIÓN GENERAL DE ESTADÍSTICA Y EVALUACIÓN ECONÓMICA,CENTRO NACIONAL DE INFORMACIÓN DE HIDROCARBUROS,M,MAESTRIA,DERECHO ADMINISTRATIVO
376,1,UNIDAD TÉCNICA DE EXPLORACIÓN,UNIDAD TÉCNICA DE EXPLORACIÓN,H,BACHILLERATO TECNOLÓGICO,CIENCIAS SOCIALES Y HUMANIDADES
377,1,DIRECCIÓN GENERAL DE LO CONTENCIOSO,UNIDAD JURÍDICA,H,LICENCIATURA,DERECHO
378,1,ÓRGANO DE GOBIERNO,ÓRGANO DE GOBIERNO,H,LICENCIATURA,INGENIERO PETROLERO
379,1,"DIRECCIÓN GENERAL DE FINANZAS, ADQUISICIONES Y SERVICIOS",OFICIALÍA MAYOR,M,LICENCIATURA,ADMINISTRACIÓN INDUSTRIAL
380,1,DIRECCIÓN GENERAL DE COMUNICACIÓN,PRESIDENCIA,H,LICENCIATURA,DISEÑO Y COMUNICACIÓN VISUAL
381,1,PRESIDENCIA,PRESIDENCIA,H,LICENCIATURA,ECONOMÍA
382,1,DIRECCIÓN GENERAL DE EVALUACIÓN DEL POTENCIAL PETROLERO,UNIDAD TÉCNICA DE EXPLORACIÓN,H,MAESTRÍA,EXPLORACIÓN Y PRODUCCIÓN DE HIDROCARBUROS
383,1,DIRECCIÓN GENERAL DE REGULACIÓN Y CONSULTA,UNIDAD JURÍDICA,H,LICENCIATURA,INGENIERO PETROLERO
384,1,PRESIDENCIA,PRESIDENCIA,H,LICENCIATURA,ADMINISTRACIÓN DE EMPRESAS
385,1,ÓRGANO INTERNO DE CONTROL,ÓRGANO INTERNO DE CONTROL,H,LICENCIATURA,ADMINISTRACIÓN DE EMPRESAS
386,1,PRESIDENCIA,PRESIDENCIA,H,MAESTRÍA ,ECONOMÍA Y FINANZAS
387,1,SECRETARÍA EJECUTIVA,SECRETARÍA EJECUTIVA,M,LICENCIATURA,CIENCIAS DE LA COMUNICACIÓN
